iso3,date,stage
AGO,2025-05-01,0
AGO,2025-09-20,1
AGO,2026-01-19,2
BWA,2025-05-01,0
BWA,2025-09-10,1
BWA,2025-12-08,2
BWA,2026-02-14,3
BWA,2026-06-02,4
COM,2025-05-01,0
COD,2025-05-01,0
COD,2025-07-12,1
COD,2025-11-01,2
COD,2026-01-06,3
COD,2026-05-24,4
SWZ,2025-05-01,0
SWZ,2025-07-03,1
SWZ,2025-11-30,2
SWZ,2026-02-27,3
LSO,2025-05-01,0
LSO,2025-07-03,1
LSO,2025-11-16,2
MDG,2025-05-01,0
MWI,2025-05-01,0
MUS,2025-05-01,0
MUS,2025-08-16,1
MUS,2025-10-26,2
MOZ,2025-05-01,0
MOZ,2025-09-11,1
MOZ,2025-12-02,2
MOZ,2026-03-13,3
NAM,2025-05-01,0
NAM,2025-07-09,1
NAM,2025-11-18,2
SYC,2025-05-01,0
SYC,2025-07-31,1
SYC,2025-11-12,2
SYC,2026-02-09,3
ZAF,2025-05-01,0
ZAF,2025-08-06,1
ZAF,2025-11-20,2
ZAF,2026-01-28,3
ZAF,2026-06-08,4
TZA,2025-05-01,0
TZA,2025-07-18,1
TZA,2025-09-16,2
ZMB,2025-05-01,0
ZMB,2025-08-12,1
ZMB,2025-12-15,2
ZMB,2026-03-16,3
ZMB,2026-06-23,4
ZWE,2025-05-01,0
ZWE,2025-08-21,1
ZWE,2026-01-15,2
ZWE,2026-03-20,3
ZWE,2026-06-14,4
RWA,2024-10-01,0
RWA,2025-01-25,1
RWA,2025-06-07,2
GMB,2024-10-01,0
GMB,2025-01-24,1
GMB,2025-04-19,2
SEN,2024-10-01,0
SEN,2025-01-09,1
SEN,2025-04-12,2
SEN,2025-09-06,3
GHA,2024-10-01,0
GHA,2024-12-29,1
GHA,2025-05-15,2
COL,2024-10-01,0
COL,2024-12-19,1
COL,2025-03-19,2
COL,2025-08-11,3
COL,2025-12-02,4
COL,2026-03-12,5
COL,2026-08-09,6
IDN,2024-10-01,0
IDN,2025-01-14,1
IDN,2025-05-20,2
IDN,2025-09-02,3
IDN,2025-12-18,4
IDN,2026-04-23,5
IDN,2026-08-21,6
BGD,2024-10-01,0
BGD,2025-02-02,1
BGD,2025-05-31,2
BGD,2025-10-16,3
MAR,2024-10-01,0
MAR,2025-02-18,1
MAR,2025-05-20,2
PHL,2024-10-01,0
PHL,2025-01-11,1
PHL,2025-04-10,2
PHL,2025-06-27,3
PHL,2025-10-28,4
PHL,2026-03-20,5
PHL,2026-06-11,6
